title,link,summary,publisher,reporter,signal,collected_at
"한은, 기준금리 2.5% 동결…&quot;성장률 상향에도 집값·환율 불안 여전&quot;",https://www.fntoday.co.kr/news/articleView.html?idxno=378344,"Region: 대한민국
Keyword: 기준금리 동결, 부동산 시장, 경제 성장
Signal: FLAT

한국은행은 경제 성장률 전망치를 상향 조정했지만, 부동산 가격과 환율 불안 요인이 여전하다고 판단하여 기준금리를 2.5%로 동결했습니다. 이러한 결정은 부동산 시장의 급격한 변동 가능성을 낮추고 안정화에 초점을 맞춘 것으로 해석됩니다.",파이낸스투데이,Unknown,FLAT,2026-02-26 03:01
"광주경총, 27일 이광수 애널리스트 초청 '부동산 시장 전망' 특강",https://www.pressian.com/pages/articles/2026022611074735153?utm_source=naver&utm_medium=search,"Region: 광주
Keyword: 부동산 시장 전망
Signal: FLAT",Unknown,Unknown,FLAT,2026-02-26 03:01
"美 데이터센터 건설 용량, 2020년 이후 처음 감소…인허가·전력공급 지...",https://www.theguru.co.kr/news/article.html?no=98486,"Region: 미국
Keyword: 데이터센터 건설 용량 감소, 인허가 지연, 전력 공급 문제
Signal: BEAR

2020년 이후 처음으로 미국 데이터센터 건설 용량이 감소했으며, 이는 인허가 지연과 전력 공급 문제로 인해 야기되고 있습니다. 이러한 공급 차질은 향후 데이터센터 시장에 부정적인 영향을 미칠 가능성이 있습니다.",Unknown,Unknown,BEAR,2026-02-26 03:00
&quot;유럽 부동산 회복세 진입&quot;…KIC '런던 국제금융협의체',https://www.newsis.com/view/NISX20260226_0003527466,"Region: 유럽
Keyword: 부동산 회복세, 런던 국제금융협의체
Signal: BULL",뉴시스,Unknown,BULL,2026-02-26 03:00
'봄 분양 성수기'…3월 전국 3만7000여가구 분양,https://www.cstimes.com/news/articleView.html?idxno=695040,"Region: 전국
Keyword: 봄 분양, 3만 7천여 가구
Signal: BULL

올해 3월 전국에서 3만 7천여 가구의 신규 아파트 분양이 예정되어 있어 봄 분양 성수기가 본격화될 전망입니다. 이는 부동산 시장의 활기를 기대하게 하는 긍정적인 신호로 해석됩니다.",컨슈머타임스(Consumertimes),Unknown,BULL,2026-02-26 02:59
"한은, 올해 성장률 2%로 상향",https://biz.heraldcorp.com/article/10682939?ref=naver,"Region: 대한민국
Keyword: 기준금리, 금리인하, 금리인상, 통화정책
Signal: FLAT",헤럴드경제,Unknown,FLAT,2026-02-26 02:59
한국은행 기준금리 2.5% 6연속 동결…성장률 2.0% 상향 속 집값·환율 변...,https://www.daily365.news/2026/02/26/%ed%95%9c%ea%b5%ad%ec%9d%80%ed%96%89-%ea%b8%b0%ec%a4%80%ea%b8%88%eb%a6%ac-2-5-6%ec%97%b0%ec%86%8d-%eb%8f%99%ea%b2%b0%ec%84%b1%ec%9e%a5%eb%a5%a0-2-0-%ec%83%81%ed%96%a5-%ec%86%8d-%ec%a7%91/,"Region: 한국
Keyword: 기준금리 동결, 성장률 상향, 집값, 환율
Signal: FLAT

한국은행이 기준금리를 2.5%로 6회 연속 동결하며 물가 안정과 경기 둔화 우려 속에서 경기 부양을 위한 신중한 입장을 유지했습니다. 물가 상승 압력이 완화되고 경기 불확실성이 큰 상황에서 성장률 전망치를 소폭 상향 조정했으나, 여전히 높은 수준의 집값과 불안정한 환율은 추가적인 경제 변동성을 야기할 수 있습니다.",데일리365뉴스,Unknown,FLAT,2026-02-26 02:58
"한은, 기준금리 연 2.50% 동결… '수출 호조·금융 안정'에 무게",https://www.goodnews1.com/news/articleView.html?idxno=457023,"Region: 대한민국
Keyword: 기준금리 동결, 수출 호조, 금융 안정
Signal: FLAT

한국은행이 현재의 기준금리를 연 2.50%로 동결하며, 최근 수출 호조세와 금융 시장의 안정을 종합적으로 고려했음을 시사했습니다. 이는 금리 인상보다는 현 수준 유지에 무게를 둔 결정으로 해석됩니다.",데일리굿뉴스,Unknown,FLAT,2026-02-26 02:57
"서울시, 정비사업 이주비 ‘500억원+α’ 푼다",https://biz.heraldcorp.com/article/10682963?ref=naver,"Region: 서울
Keyword: 정비사업, 이주비
Signal: BULL",헤럴드경제,Unknown,BULL,2026-02-26 02:56
&quot;유럽 부동산 회복세 진입&quot;…KIC '런던 국제금융협의체',https://www.widedaily.com/news/articleView.html?idxno=289387,"Region: 유럽
Keyword: 부동산 회복세, KIC, 런던 국제금융협의체
Signal: BULL

기사는 유럽 부동산 시장이 회복세에 진입했으며, KIC가 런던 국제금융협의체에서 이를 논의했다는 내용을 담고 있습니다. 이는 부동산 시장에 긍정적인 신호로 해석됩니다.",와이드경제,Unknown,BULL,2026-02-26 02:56
"SK바이오사이언스, 정관에 부동산 개발업 추가...송도 사무실 임대 나선...",https://biz.chosun.com/science-chosun/bio/2026/02/26/SD6HLBOXPRA3XDF26QHBLQS4PM/?utm_source=naver&utm_medium=original&utm_campaign=biz,"[필수형식]
Region: 인천 연수구 송도
Keyword: 부동산 개발업, 사무실 임대
Signal: BULL

SK바이오사이언스가 정관에 부동산 개발업을 추가하고 송도에 사무실을 임대하며 사업 영역 확장을 시도하고 있습니다. 이는 회사의 성장 동력 다각화와 더불어 송도 지역의 상업용 부동산 시장에 긍정적인 영향을 줄 것으로 예상됩니다.",조선비즈,Unknown,BULL,2026-02-26 02:55
‘수출 호조·소비 회복’에 성장전망 또 올려…금리 동결 장기화할듯 ...,https://biz.heraldcorp.com/article/10682962?ref=naver,"Region: 대한민국
Keyword: 금리 동결, 수출 호조, 소비 회복, 성장 전망
Signal: BULL

**요약:**

수출 호조와 소비 회복에 힘입어 대한민국 경제 성장 전망이 상향 조정되었으며, 이에 따라 금리 동결 기조가 장기화될 것으로 예상됩니다.",헤럴드경제,Unknown,BULL,2026-02-26 02:55
"이창용 “향후 통화정책, 성장세 회복 지원해 나갈 것”",http://www.edaily.co.kr/news/newspath.asp?newsid=04526406645354456,"Region: 대한민국
Keyword: 통화정책, 성장세 회복
Signal: BULL

한국은행 총재는 향후 통화정책이 경제 성장세 회복을 지원하는 방향으로 나아갈 것이라고 밝혔습니다. 이는 금리 인하 가능성을 시사하며 부동산 시장에 긍정적인 영향을 줄 수 있습니다.",이데일리,Unknown,BULL,2026-02-26 02:54
"[위클리오늘] 한은, 기준금리 2.5% '6회 연속' 동결…성장률 2.0%로 상향",http://www.weeklytoday.com/news/articleView.html?idxno=761653,"Region: 한국
Keyword: 기준금리, 성장률
Signal: FLAT

한국은행이 기준금리를 2.5%로 6회 연속 동결했으며, 올해 경제 성장률 전망치를 2.0%로 상향 조정했습니다. 이는 금리 인하 가능성보다는 현 수준을 유지하며 경기 상황을 지켜보겠다는 신호로 해석됩니다.",위클리오늘,Unknown,FLAT,2026-02-26 02:54
금융당국 &quot;부동산-금융 연결고리 끊어야 할 시점…투기와 절연해야&quot;[뉴...,https://www.newsis.com/view/NISX20260226_0003527497,"Region: 대한민국
Keyword: 부동산, 금융
Signal: BEAR

금융당국은 부동산 시장의 과열을 막고 투기를 근절하기 위해 부동산과 금융의 연결고리를 끊어야 할 시점이라고 강조했습니다. 이는 부동산 시장 연착륙과 투기 수요 억제를 위한 정책 방향을 시사합니다.",뉴시스,Unknown,BEAR,2026-02-26 02:52
"한은, 기준금리 2.50% '6연속 동결'…성장률 2.0%로 상향",http://mbnmoney.mbn.co.kr/news/view?news_no=MM1005774549,"Region: 한국
Keyword: 기준금리 동결, 성장률 상향
Signal: FLAT",mbnmoney.mbn.co.kr,Unknown,FLAT,2026-02-26 02:51
기준금리 6연속 동결…성장 개선세지만 집값·환율은 불안(종합),https://www.nocutnews.co.kr/news/6476828?utm_source=naver&utm_medium=article&utm_campaign=20260226114446,"Region: 한국
Keyword: 기준금리 동결, 집값 불안, 환율 불안
Signal: FLAT

대한민국 중앙은행이 기준금리를 6회 연속 동결하여 현재의 금융 상황을 유지하고 있습니다. 경제 성장 개선세는 보이지만, 부동산 가격 상승과 환율 변동성 증가는 여전히 시장의 불안 요인으로 작용하고 있습니다.",노컷뉴스,Unknown,FLAT,2026-02-26 02:51
쌍용 더 플래티넘 온수역 청약 12.08대 1…최고 24대 1,https://www.widedaily.com/news/articleView.html?idxno=289307,"Region: 온수역
Keyword: 쌍용 더 플래티넘
Signal: BULL

쌍용 더 플래티넘 온수역이 평균 12.08대 1, 최고 24대 1의 경쟁률로 청약을 마감하며 시장의 높은 관심을 확인했다. 이는 최근 부동산 시장의 훈풍을 보여주는 지표로 분석된다.",와이드경제,Unknown,BULL,2026-02-25 03:06
"울산·부산·경남 아파트 거래 활발, 신고가 속출",https://www.smartbizn.com/news/articleView.html?idxno=136854,"Region: 울산·부산·경남
Keyword: 아파트 거래 활발, 신고가 속출
Signal: BULL",스마트비즈,Unknown,BULL,2026-02-25 03:04
수도권 입주물량 부족 나타나고 있어,http://www.wsobi.com/news/articleView.html?idxno=305344,"Region: 수도권
Keyword: 입주물량 부족
Signal: BULL",Unknown,Unknown,BULL,2026-02-25 03:02
설 연휴 후 여론조사 호재 잇따라…김동연 본선행 파란불?,https://www.sedaily.com/article/20012405?ref=naver,"Region: 경기도
Keyword: 김동연, 여론조사, 본선행
Signal: BULL

설 연휴 이후 실시된 여론조사에서 김동연 지사의 지지율이 상승하며 본선행에 청신호가 켜졌습니다. 이는 긍정적인 여론 흐름을 바탕으로 선거 국면에서 유리한 위치를 확보할 수 있음을 시사합니다.",서울경제,Unknown,BULL,2026-02-25 03:02
"쌍용건설, 부천 '쌍용 더 플래티넘 온수역' 1순위 청약 마감…평균 12대...",http://www.newslock.co.kr/news/articleView.html?idxno=125865,"Region: 부천
Keyword: 쌍용 더 플래티넘 온수역, 1순위 청약 마감, 평균 12대 1
Signal: BULL",뉴스락,Unknown,BULL,2026-02-25 03:01
"창원 강기윤 전 의원, 오는 6.3지방선거 시장 출마 선언",https://www.straightnews.co.kr/news/articleView.html?idxno=295835,"Region: 창원
Keyword: 지방선거, 시장 출마
Signal: FLAT",스트레이트뉴스,Unknown,FLAT,2026-02-25 03:00
"상반기 수도권 분양시장, 대형 단지 쏠림…일정 본격화",https://news.tf.co.kr/read/economy/2296037.htm,"Region: 수도권
Keyword: 대형 단지 쏠림, 분양 시장, 일정 본격화
Signal: BULL",더팩트,Unknown,BULL,2026-02-25 02:58
중장년·중상위소득층서 더 꺾였다…집값 상승 기대 '급락',https://biz.sbs.co.kr/article_hub/20000293494?division=NAVER,"Region: 전국
Keyword: 집값 하락 기대, 중장년층, 중상위 소득층
Signal: BEAR

중장년층과 중상위 소득층을 중심으로 집값 상승 기대감이 크게 하락했으며, 이는 부동산 시장 전반의 약세를 시사합니다.",Unknown,Unknown,BEAR,2026-02-25 02:57
"&quot;집값 더 오른다&quot; 기대, 중장년·중상위층서 급랭",https://www.newscj.com/news/articleView.html?idxno=3378446,"Region: 전국
Keyword: 집값 하락, 중장년층, 중상위층
Signal: BEAR",천지일보,Unknown,BEAR,2026-02-25 02:57
"“큰손이 멈췄다”… 4060·중산층 집값 기대 ‘급랭’, 대통령 메시지...",https://www.jibs.co.kr/news/articles/articlesDetail/58197?feed=na,"Region: 대한민국
Keyword: 부동산 시장, 매수 심리 위축, 4060 세대, 중산층
Signal: BEAR

4060 세대와 중산층의 집값 상승 기대감이 급격히 줄어들면서 부동산 시장의 매수 심리가 위축되고 있습니다. 대통령 메시지에 대한 언급은 있으나, 핵심은 큰손들의 움직임이 둔화되며 시장 전반의 기대감이 식었다는 점입니다. 이는 향후 부동산 시장의 하락 또는 약보합세를 예상하게 하는 신호로 볼 수 있습니다.",Unknown,Unknown,BEAR,2026-02-25 02:56
'비제조업 개선에 한 달 만에 반등'... 2월 기업심리지수 94.2,http://www.chungnamilbo.co.kr/news/articleView.html?idxno=875054,"Region: 대한민국
Keyword: 기업 심리, 비제조업, 개선, 반등
Signal: BULL

2월 기업 심리 지수가 비제조업 개선에 힘입어 한 달 만에 반등하며 94.2를 기록했습니다. 이는 기업들의 경기에 대한 긍정적인 전망이 회복되고 있음을 시사합니다.",충남일보,Unknown,BULL,2026-02-25 02:55
집값 상승 기대 16p 급락…3년7개월 만에 최대 하락,http://www.smedaily.co.kr/news/articleView.html?idxno=352058,"Signal: BULL

Region: 전국
Keyword: 집값 상승 기대, 16p 급락, 3년7개월 만에 최대 하락
집값 상승 기대 지수가 16포인트 급락하며 3년 7개월 만에 최대 하락 폭을 기록했습니다. 이는 향후 부동산 시장의 상승세 둔화 또는 하락 가능성을 시사하는 중요한 신호로 해석됩니다.",중소기업신문,Unknown,BULL,2026-02-24 03:04
"포스코이앤씨, 문래동진주아파트 재건축 '더샵 프리엘라' 분양",https://www.financialpost.co.kr/news/articleView.html?idxno=248973,"Region: 문래동
Keyword: 재건축, 아파트 분양, 더샵 프리엘라
Signal: BULL",파이낸셜포스트,Unknown,BULL,2026-02-24 03:03
부산 입주 물량 3년 새 '반토막'... 동래구 온천장 하늘채 엘리시움 일반...,https://www.getnews.co.kr/news/articleView.html?idxno=862247,"Region: 부산
Keyword: 입주 물량 감소
Signal: BEAR",글로벌경제신문,Unknown,BEAR,2026-02-24 03:02
'99만닉스' 찍었다..&quot;'6천피'는 시간 문제&quot; '불개미' 손에 달렸다,https://radio.ytn.co.kr/program/?f=2&id=107511&s_mcd=0206&s_hcd=15,"Region: 코스닥
Keyword: 99만닉스, 6천피, 불개미
Signal: BULL

코스닥 지수가 99만닉스를 기록하며 '6천피' 돌파가 시간 문제라는 전망이 나오고 있습니다. 이는 개인 투자자('불개미')들의 매수세에 크게 의존하고 있습니다.",YTN 라디오,Unknown,BULL,2026-02-24 03:02
이 대통령 &quot;다주택은 자유지만 위험 피할 수 없어&quot;,https://www.newspost.kr/news/articleView.html?idxno=221333,"Region: 한국
Keyword: 다주택, 부동산 정책
Signal: FLAT

이 대통령은 다주택 보유 자체는 자유지만, 그에 따른 위험은 피할 수 없음을 강조하며 부동산 시장에 대한 경고 메시지를 보냈습니다. 이는 정부의 부동산 정책 방향에 대한 중요한 시사점을 던지며, 시장 참여자들에게 신중한 접근을 요구하는 발언으로 해석됩니다.",뉴스포스트,Unknown,FLAT,2026-02-24 03:01
"9개사 컨소시엄 출범… 파로스, ‘리얼파이 얼라이언스’로 RWA 표준화 ...",https://www.tokenpost.kr/news/blockchain/333353,"Region: 한국
Keyword: RWA, 부동산, 금융
Signal: BULL",TokenPost,Unknown,BULL,2026-02-24 02:59
"中, '사실상 기준금리' LPR 9개월 연속 동결",http://www.yonhapnewstv.co.kr/AKR20260224114031Heu,"Region: 중국
Keyword: LPR, 금리 동결, 부동산 시장
Signal: FLAT

중국이 사실상 기준금리 역할을 하는 대출우대금리(LPR)를 9개월 연속 동결했습니다. 이는 최근 경제 둔화와 부동산 시장 불안 속에서 경기 부양에 신중한 입장을 유지하려는 의도로 해석됩니다. LPR 동결은 향후 중국 부동산 시장의 추가적인 하락 압력을 완화하거나 현상 유지에 기여할 수 있습니다.",연합뉴스TV,Unknown,FLAT,2026-02-24 02:58
이재명 대통령 &quot;다주택 보유는 자유...위험과 책임은 못 피해&quot;,https://www.goodmorningcc.com/news/articleView.html?idxno=441583,"Region: 대한민국
Keyword: 다주택 보유, 보유세, 재산권
Signal: FLAT

이재명 더불어민주당 대표는 다주택 보유를 개인의 자유로 인정하면서도, 그에 따른 위험과 책임을 피할 수 없다고 강조했습니다. 이는 다주택자 보유에 대한 현 정부의 기존 정책 방향과 일맥상통하는 발언으로, 보유에 대한 자유는 인정하되 관련 세금 및 규제 정책은 유지될 가능성을 시사합니다.",굿모닝충청,Unknown,FLAT,2026-02-24 02:58
"&quot;조건만 넣으면 팝업 예산 뚝딱&quot;… 스위트스팟, 예산 산출 AI 공개",https://www.newspim.com/news/view/20260224000508,"Region: 대한민국
Keyword: 부동산, AI, 예산 산출, 스위트스팟
Signal: BULL

스위트스팟이 조건 입력만으로 부동산 예산을 자동 산출하는 AI를 공개하며 부동산 시장에 혁신을 예고했습니다. 이는 투자자들이 보다 빠르고 정확하게 예산을 파악하여 의사결정을 내릴 수 있도록 도울 것으로 기대됩니다.",뉴스핌,Unknown,BULL,2026-02-24 02:57
한병도 &quot;李대통령 부동산 정상화 의지에 시장 반응⋯투기 왜곡된 구조 ...,https://www.goodkyung.com/news/articleView.html?idxno=283394,"Region: 대한민국
Keyword: 부동산 정책, 시장 반응, 투기 구조
Signal: FLAT

이명박 정부의 부동산 정상화 의지에 시장이 반응하며 투기 왜곡 구조가 드러났다는 내용입니다.",굿모닝경제,Unknown,FLAT,2026-02-24 02:56
‘다주택자 압박’ 통했나... 집값 상승 기대감 3년7개월만에 낙폭 최대,https://vop.co.kr/A00001688450.html,"Region: 전국
Keyword: 집값 하락, 다주택자 규제, 주택 시장
Signal: BEAR

'다주택자 압박' 정책 효과로 집값 상승 기대감이 3년 7개월 만에 최대 낙폭을 기록하며 주택 시장의 하락세가 뚜렷해지고 있습니다.",Unknown,Unknown,BEAR,2026-02-24 02:55
"오세훈 &quot;당 지도부, 노선 바꿔야 수도권 산다… 서울 지키겠다&quot;(종합)",https://www.newscj.com/news/articleView.html?idxno=3377479,"Region: 서울
Keyword: 부동산 정책, 수도권, 선거
Signal: BEAR

오세훈 시장은 수도권 표심을 잡기 위해 당 지도부의 부동산 정책 노선 변화를 촉구하며 서울 부동산 시장 안정화와 민심 확보에 주력하겠다는 의지를 보였습니다. 이는 향후 정부의 부동산 정책 방향과 서울 지역 부동산 시장에 영향을 미칠 수 있는 중요한 정치적 발언으로 해석됩니다.",천지일보,Unknown,BEAR,2026-02-23 03:25
중소 건설사 자금난 심화…부동산·임대업 연체율도 껑충,http://www.newsfc.co.kr/news/articleView.html?idxno=76919,"Region: 전국
Keyword: 중소 건설사 자금난, 부동산 연체율 상승
Signal: BEAR

중소 건설사의 자금난이 심화되면서 부동산 및 임대업 연체율이 급증하고 있습니다. 이는 건설 경기 침체와 금리 인상 등의 영향으로 건설사의 자금 조달에 어려움이 커지고 있음을 시사합니다.",금융소비자뉴스,Unknown,BEAR,2026-02-23 03:25
"개인사업자 연체액, 2년새 26% ‘쑥’",https://biz.heraldcorp.com/article/10680262?ref=naver,"Region: 전국
Keyword: 개인사업자 연체액, 자금난
Signal: BEAR",헤럴드경제,Unknown,BEAR,2026-02-23 03:24
"‘대출 조이고, 임대는 공공’…생계형 임대사업자 “퇴로 절실”",https://biz.heraldcorp.com/article/10680252?ref=naver,"Region: 전국
Keyword: 임대사업자, 대출 규제, 공공 임대
Signal: BEAR

**요약:** 정부의 대출 규제 강화와 공공 임대 확대 정책으로 인해 생계형 임대사업자들의 어려움이 가중되고 있으며, 이들은 돌파구를 모색하고 있습니다.",헤럴드경제,Unknown,BEAR,2026-02-23 03:24
"'18년 희망고문' 끝난 위례신사선, 남은 과제 3가지",https://biz.newdaily.co.kr/site/data/html/2026/02/23/2026022300102.html,"Region: 위례, 신사
Keyword: 위례신사선, 사업 추진
Signal: BULL

18년간 지연되었던 위례신사선 사업이 본격 추진될 전망이며, 이에 따라 지역 가치 상승이 기대된다. 하지만 여전히 해결해야 할 3가지 과제가 남아 있어 사업 추진 과정에 변수가 될 수 있다.",뉴데일리,Unknown,BULL,2026-02-23 03:23
다주택자 대출 연장 ‘원천 봉쇄’ 가닥,https://biz.heraldcorp.com/article/10680279?ref=naver,"Region: 대한민국
Keyword: 다주택자 대출 규제 강화
Signal: BEAR

정부가 다주택자의 주택담보대출 연장을 원천 봉쇄하는 정책을 추진합니다. 이는 부동산 시장의 과열을 막고 투기 수요를 억제하기 위한 조치로 풀이됩니다. 해당 정책은 다주택자에 대한 금융 규제를 강화하는 신호로 볼 수 있습니다.",헤럴드경제,Unknown,BEAR,2026-02-23 03:22
"3월 전국 아파트 입주물량 9597가구, 올해 월별 최소치 기록 전망",https://www.businesspost.co.kr/BP?command=article_view&num=430812,"Region: 전국
Keyword: 아파트 입주물량
Signal: BEAR

3월 전국 아파트 입주물량이 9597가구로 올해 월별 최소치를 기록할 전망이며, 이는 공급 부족 신호로 작용할 수 있다.",비즈니스포스트,Unknown,BEAR,2026-02-23 03:21
2금융권 머니무브 '가속'…'예보한도 상향' 특수 없었다,https://www.asiatime.co.kr/article/20260223500118,"Region: 대한민국
Keyword: 2금융권, 예금, 머니무브, 예보한도
Signal: BEAR

**요약:**

2금융권으로 자금 이동이 가속화되고 있으나, 예금자보호법 한도 상향 효과는 기대에 미치지 못하고 있습니다. 이는 금리 경쟁력이나 안정성 등 다른 요인이 예금자들의 선택에 더 큰 영향을 미치고 있음을 시사합니다.",아시아타임즈,Unknown,BEAR,2026-02-23 03:20
"&quot;강남 아니면 안 지어요&quot; … 수도권 정비사업조합, 건설사 모시기 안간...",https://biz.newdaily.co.kr/site/data/html/2026/02/23/2026022300146.html,"Region: 수도권
Keyword: 정비사업, 건설사, 강남
Signal: BULL

수도권 정비사업 조합들이 강남 지역 사업에만 집중하려는 건설사들의 태도를 지적하며, 건설사 확보에 어려움을 겪고 있습니다. 이는 건설사들의 높은 수익 기대치와 강남 지역 사업 선호도가 맞물린 결과로, 지역 정비사업 추진에 영향을 미칠 수 있습니다.",뉴데일리,Unknown,BULL,2026-02-23 03:20
강남권 2~3억 낮춘 초급매 매물도… 부동산 시장 혼돈,https://www.munhwa.com/article/11569807?ref=naver,"Region: 강남권
Keyword: 초급매, 부동산 시장 혼돈
Signal: BEAR

강남권에서 2~3억 원 낮춘 초급매물이 등장하며 부동산 시장에 혼돈이 가중되고 있습니다. 이는 시장 침체의 신호로 해석될 수 있습니다.",문화일보,Unknown,BEAR,2026-02-23 03:19
[분석] 경기도 시흥 아파트 하락 본격화…최고가 대비 최대 37% 급락,https://www.mstoday.co.kr/news/articleView.html?idxno=100644,"Region: 경기도 시흥
Keyword: 아파트 가격 급락
Signal: BEAR

경기도 시흥 지역의 아파트 가격이 최고가 대비 최대 37%까지 급락하며 본격적인 하락세에 접어들었다. 이는 금리 인상, 경기 침체 우려 등 복합적인 요인이 작용한 결과로 분석된다.",MS TODAY,Unknown,BEAR,2026-02-23 03:18
[가장 보통의 투자] 블루아울 사태로 본 사모신용의 '유동성 함정',https://www.bizhankook.com/bk/article/31572,"Region: 한국
Keyword: 사모신용, 유동성 함정, 블루아울
Signal: BEAR

블루아울 사태는 사모신용 펀드의 취약성을 드러내며 유동성 함정의 위험성을 시사했습니다. 높은 수익률을 추구하는 사모신용 펀드가 시장 변동성에 취약한 유동성 부족 문제를 겪을 수 있음을 보여줍니다. 이러한 상황은 투자 시장 전반에 부정적인 영향을 미칠 수 있습니다.",비즈한국,Unknown,BEAR,2026-02-23 03:18
"국세청, '자금난' 중소기업 돕는다…법인세 납부기한 연장",http://www.yonhapnewstv.co.kr/AKR20260223102714IeV,"Region: 대한민국
Keyword: 중소기업, 법인세, 납부기한 연장
Signal: BULL

국세청이 자금난을 겪는 중소기업을 지원하기 위해 법인세 납부 기한을 연장하는 방안을 발표했습니다. 이는 중소기업의 경영 부담을 완화하고 유동성을 확보하는 데 기여할 것으로 예상됩니다.",연합뉴스TV,Unknown,BULL,2026-02-23 03:17
석유화학·철강 등 법인세 3개월 연장…&quot;3조 유동성 효과&quot;,https://news.tf.co.kr/read/economy/2295014.htm,"Region: 대한민국
Keyword: 법인세, 유동성, 석유화학, 철강
Signal: BULL

정부의 법인세 3개월 연장 조치는 석유화학, 철강 등 주요 산업에 3조 원 규모의 유동성 효과를 제공하여 기업 경영 안정에 기여할 것으로 전망됩니다. 이는 단기적으로 기업의 현금 흐름 개선에 긍정적인 영향을 미쳐 증시에도 호재로 작용할 수 있습니다.",더팩트,Unknown,BULL,2026-02-23 03:16
"국세청, 10만 개 中企에 3조원 세정 지원…전년대비 5배 확대",https://www.dailian.co.kr/news/view/1612973/?sc=Naver,"Region: 대한민국
Keyword: 중소기업 세정 지원, 국세청, 3조원
Signal: BULL

국세청이 전년 대비 5배 확대한 3조원의 세정 지원을 10만 개 중소기업에 제공합니다. 이번 지원은 중소기업의 경영 부담 완화를 통해 경기 회복에 기여할 것으로 기대됩니다.",데일리안,Unknown,BULL,2026-02-23 03:16
"시진핑, 트럼프 '관세약점' 노릴까…내부불안에 상황안정 '무게'",https://www.yna.co.kr/view/AKR20260223080200009?input=1195m,"Region: 아시아
Keyword: 시진핑, 트럼프, 관세, 내부불안, 상황안정
Signal: FLAT

시진핑 주석이 트럼프 대통령의 관세 정책 약점을 이용할 수 있으나, 중국 내부 불안으로 인해 상황 안정에 무게를 둘 가능성이 높다.",연합뉴스,Unknown,FLAT,2026-02-23 03:15
다주택 대출연장·규제지역 아파트엔 불허 주택 유형·지역 분리 LTV 0% ...,http://www.smedaily.co.kr/news/articleView.html?idxno=351870,"Region: 전국
Keyword: 부동산 규제, 대출 규제, LTV
Signal: BEAR

다주택자의 대출 연장이 제한되고 규제 지역 내 아파트에는 LTV 0%가 적용되는 등 부동산 대출 규제가 강화되었습니다. 이는 주택 유형 및 지역별로 차등 적용될 예정이며, 부동산 시장에 하방 압력으로 작용할 것으로 예상됩니다.",중소기업신문,Unknown,BEAR,2026-02-22 03:24
"다주택자 대출 연장 ‘원칙적 불허’… 금융당국, 수도권 아파트 LTV 0% ...",https://www.sentv.co.kr/article/view/sentv202602220015,"Region: 수도권
Keyword: 다주택자 대출 규제, LTV 0%
Signal: BEAR

금융당국이 수도권 아파트에 대해 다주택자에게는 원칙적으로 대출 연장을 불허하고 LTV를 0%로 적용하는 등 규제를 강화했습니다. 이는 부동산 시장의 과열을 억제하고 투기를 방지하기 위한 조치로 해석됩니다. 이러한 규제 강화는 향후 수도권 부동산 시장에 하방 압력으로 작용할 가능성이 있습니다.",(주) 서울경제티브이,Unknown,BEAR,2026-02-22 03:23
부산 부동산시장 소비심리지수 3개월 만에 큰 폭으로 올라,http://www.kookje.co.kr/news2011/asp/newsbody.asp?code=0200&key=20260222.99099005768,"Region: 부산
Keyword: 소비심리지수, 부동산 시장
Signal: BULL

부산 부동산 시장의 소비심리가 3개월 만에 큰 폭으로 상승하며 긍정적인 신호를 보이고 있습니다. 이는 주택 거래 및 매매 심리 개선에 대한 기대감을 높이며 시장 활성화 가능성을 시사합니다.",±¹Á¦½Å¹®,Unknown,BULL,2026-02-22 03:22
강남 집값 상승세 ‘멈칫’…압구정 재건축 호가 10억 뚝 ↓,https://www.smarttoday.co.kr/ko-kr/articles/103512,"Region: 강남
Keyword: 집값 하락, 재건축
Signal: BEAR

강남 지역 집값 상승세가 꺾였으며, 특히 압구정 재건축 단지의 호가가 10억 원까지 하락하며 주목받고 있습니다. 이는 전반적인 부동산 시장에 하방 압력으로 작용할 가능성이 있습니다.",스마트투데이,Unknown,BEAR,2026-02-22 03:22
수도권 다주택자 대출 연장 불허되나... 'LTV 0%' 거론,https://www.meconomynews.com/news/articleView.html?idxno=128030,"Region: 수도권
Keyword: 다주택자 대출 연장 불허, LTV 0%
Signal: BEAR

수도권 다주택자에 대한 대출 연장 불허와 LTV 0% 적용 가능성이 논의되고 있어, 향후 부동산 시장에 부정적인 신호로 작용할 것으로 예상됩니다.",시장경제 - Market Economy News,Unknown,BEAR,2026-02-22 03:21
수도권·규제지역 다주택자 주담대 만기연장 원칙적 불허 거론…LTV 0% 적...,https://www.cbci.co.kr/news/articleView.html?idxno=556925,"[필수형식]
Region: 수도권
Keyword: 다주택자, 주택담보대출, 규제지역, 만기연장, LTV 0%
Signal: BEAR

수도권 규제지역 다주택자의 주택담보대출 만기연장이 원칙적으로 불허될 가능성이 제기되었습니다. 이는 LTV 0% 적용 가능성으로 이어져 부동산 시장에 부정적인 영향을 미칠 수 있습니다.",CBC뉴스 | CBCNEWS,Unknown,BEAR,2026-02-22 03:20
임대사업자 만기 연장 원천 차단… 다주택자 LTV 0% 거론도,https://www.newscj.com/news/articleView.html?idxno=3377233,"Region: 전국
Keyword: 부동산 규제, 임대사업자, 다주택자 LTV
Signal: BEAR

정부의 임대사업자 혜택 폐지 및 만기 연장 원천 차단 방침과 다주택자 LTV 0% 도입 검토 등 강력한 부동산 규제 강화 움직임이 향후 주택 시장에 하락 압력으로 작용할 가능성이 있습니다.",천지일보,Unknown,BEAR,2026-02-22 03:19
KB국민·전북銀·케이뱅크 정기검사…'소비자보호·지배구조' 정조준,https://biz.sbs.co.kr/article_hub/20000292680?division=NAVER,"Region: 금융
Keyword: 은행 정기 검사
Signal: FLAT",Unknown,Unknown,FLAT,2026-02-22 03:18
[기획] 문화유산 개발 후 어떻게 훼손될지 우려되나,https://www.m-i.kr/news/articleView.html?idxno=1338953,"Region: 전국
Keyword: 문화유산 개발, 훼손 우려
Signal: FLAT

문화유산 지역 개발 시 훼손 방안 마련이 시급하며, 사후 관리 소홀 시 본래 가치를 잃을 우려가 있습니다.",매일일보,Unknown,FLAT,2026-02-22 03:18
&quot;10억 내립니다&quot;…강남 아파트 '하락 전환' 초읽기,http://www.wowtv.co.kr/NewsCenter/News/Read?articleId=A202602220078&t=NN,"Region: 강남
Keyword: 아파트 가격 하락, 신고가 경신 둔화
Signal: BEAR

강남 아파트 가격이 하락세로 전환될 조짐을 보이며, 10억 원가량의 가격 인하 매물이 등장했습니다. 최근 신고가 경신이 둔화되고 매수 심리가 위축되면서 하락세가 본격화될 가능성이 커지고 있습니다.",Unknown,Unknown,BEAR,2026-02-22 03:17
"수도권 다주택 대출연장, 규제지역 아파트엔 '불허' 가닥",https://www.mediapen.com/news/view/1082839,"Region: 수도권
Keyword: 다주택 대출, 규제지역 아파트, 불허
Signal: BEAR

정부 규제로 수도권 다주택자의 주택담보대출 연장이 원칙적으로 불허될 예정이며, 특히 규제지역 내 아파트의 경우 예외 없이 적용될 것으로 보입니다. 이는 주택 시장의 과열을 억제하고 다주택자의 투기 수요를 차단하려는 정부의 의지를 반영합니다.",미디어펜,Unknown,BEAR,2026-02-22 03:17
[이번주 경제]한은 기준금리 동결 유력…작년 합계출산율 주목,https://www.news1.kr/economy/trend/6078711,"**[Signal: FLAT]**

*   **Region:** 대한민국
*   **Keyword:** 금리, 출산율, 경제
*   **요약:** 이번 주 경제 전망은 한국은행의 기준금리 동결 가능성이 높은 가운데, 작년 합계출산율 수치에 대한 관심이 집중될 것으로 보입니다. 이는 경제 전반의 안정 또는 보합세를 예상하게 하며, 인구 구조 변화가 향후 경제에 미칠 영향력을 시사합니다.",뉴스1,Unknown,FLAT,2026-02-22 03:16
“성장률 올리고 금리는 묶는다”…2월 금통위 '금리동결' 무게,http://www.fnnews.com/news/202602201437012059,"Region: 대한민국
Keyword: 금리 동결, 성장률, 통화 정책
Signal: FLAT

2월 금통위는 성장률 제고를 목표로 기준금리를 동결할 가능성이 높다는 전망이 나오고 있습니다. 이는 경기 부양을 위한 통화 정책 기조를 유지하겠다는 신호로 해석됩니다.",파이낸셜뉴스,Unknown,FLAT,2026-02-22 03:14
2월 금통위 '동결' 무게…경제성장률 전망 2% 찍을까,https://news.bizwatch.co.kr/article/finance/2026/02/20/0026,"Region: 한국
Keyword: 금리, 경제성장률
Signal: FLAT",비즈니스워치,Unknown,FLAT,2026-02-22 03:13
봄 분양시장 '기지개'…내주 전국 600여가구 청약 접수,https://www.youthdaily.co.kr/news/article.html?no=213658,"Region: 전국
Keyword: 신규 분양, 분양시장 활성화
Signal: BULL",Unknown,Unknown,BULL,2026-02-21 00:37
"수도권 전월세, 1년 새 37% 급감… '공급 절벽' 속 신규 분양에 시선 쏠...",https://www.greenpostkorea.co.kr/news/articleView.html?idxno=306195,"수도권 전월세 물건이 1년 새 37% 급감하여 심각한 공급 부족 현상을 겪고 있습니다. 이는 임대차 시장에 '공급 절벽'을 초래했으며, 주택 수요자들의 관심이 신규 분양 단지로 집중되고 있습니다.

Region: 수도권
Keyword: 전월세 공급 부족, 신규 분양
Signal: BULL",그린포스트코리아,Unknown,BULL,2026-02-21 00:36
서울 아파트 상승률 0.15%로 둔화…“강남도 하락전환 초읽기”,https://www.sedaily.com/article/20010882?ref=naver,"서울 아파트 가격 상승률이 0.15%로 둔화하며 시장이 냉각되고 있습니다. 특히, 고가 지역인 강남마저 하락 전환 초읽기에 들어갔다는 분석이 나옵니다. 이는 서울 전체 아파트 시장이 곧 하락세로 접어들 수 있음을 시사합니다.

Region: 서울
Keyword: 아파트 상승률 둔화, 하락 전환
Signal: BEAR",서울경제,Unknown,BEAR,2026-02-20 23:50
양도세 중과 부활…“매물 잠기면 집값 다시 뛴다”,http://www.edaily.co.kr/news/newspath.asp?newsid=01945046645352816,"양도세 중과가 부활하면 매물이 잠기게 될 것이라는 전망이 나오고 있습니다. 이러한 매물 감소는 주택 시장의 공급 부족을 심화시켜 집값을 다시 상승시킬 요인이 될 것으로 예측됩니다.

Region: 전국
Keyword: 양도세, 매물잠김
Signal: BULL",이데일리,Unknown,BULL,2026-02-20 23:50
3월 성수기 앞둔 청약시장… 다음 주 전국 605가구 공급,https://www.sentv.co.kr/article/view/sentv202602210005,"3월 성수기를 앞두고 청약시장이 활기를 띠고 있습니다. 다음 주에는 전국적으로 605가구가 신규 공급될 예정입니다. 이는 곧 시작될 성수기에 맞춰 제한적이나마 새로운 주택 공급이 이루어짐을 보여줍니다.

Region: 전국
Keyword: 청약시장
Signal: BULL",(주) 서울경제티브이,Unknown,BULL,2026-02-20 23:50
다주택자 대출 연장 원천 봉쇄? 임대사업자·無증액 대환 등 직격탄,https://biz.heraldcorp.com/article/10679435?ref=naver,"Region: 전국
Keyword: 다주택자 대출 규제
Signal: BEAR

정부의 다주택자 대출 연장 및 대환 대출 규제 강화 움직임이 포착됩니다. 이는 임대사업자와 추가 증액 없이 기존 대출을 대환하려는 다주택자들에게 직접적인 타격이 될 것으로 예상됩니다. 결과적으로 다주택자의 유동성 악화와 주택 시장 내 매물 증가 가능성을 내포하는 규제입니다.",헤럴드경제,Unknown,BEAR,2026-02-20 23:49
전국 입주 20만호 간신히…수도권 공급절벽에 전세난 불씨,https://www.ebn.co.kr/news/articleView.html?idxno=1700362,"전국적으로 입주 물량이 20만 호에 겨우 미쳐 전반적인 공급 부족이 우려됩니다. 특히 수도권은 심각한 공급 절벽에 직면하면서 전세 시장에 불안의 불씨를 지피고 있습니다. 이는 향후 전세 가격 상승 압력을 가중시키고 주거 시장의 불안정성을 심화시킬 것으로 분석됩니다.

Region: 수도권
Keyword: 공급 부족
Signal: BULL",이비엔(EBN)뉴스센터,Unknown,BULL,2026-02-20 10:45
"한신평 &quot;14개 부동산신탁사, 지난해 4천689억원 순손실&quot;",https://biz.sbs.co.kr/article_hub/20000292576?division=NAVER,"한국신용평가에 따르면 국내 14개 부동산신탁사들이 지난해 총 4,689억원의 대규모 순손실을 기록했다. 이는 부동산 시장 침체와 프로젝트파이낸싱(PF) 관련 부실이 심화되고 있음을 보여준다. 신탁사들의 실적 악화는 부동산 금융 시장 전반의 건전성에 대한 우려를 증폭시키는 신호이다.

Region: 국내
Keyword: 부동산신탁사
Signal: BEAR",Unknown,Unknown,BEAR,2026-02-20 10:05
쏟아지는 매물에 강남 상승 멈춰…&quot;실수요자 4월 이후 매수 기회&quot;,https://www.mk.co.kr/article/11967511,"Region: 강남
Keyword: 매물 증가, 매수 기회
Signal: FLAT",매일경제,Unknown,FLAT,2026-02-20 10:04
설 지나자 &quot;집 팔겠다&quot;…강남권·한강벨트 3~7억씩 내려 거래,https://www.hankyung.com/article/2026022045031,"Region: 강남권 및 한강벨트
Keyword: 가격 하락 거래
Signal: BEAR",한국경제,Unknown,BEAR,2026-02-20 10:04
서울 아파트 매물 늘었지만… 매도·매수 눈치보기 심화,https://news.mtn.co.kr/news-detail/2026022016390930970,"서울 아파트 시장에서는 매물이 증가했지만, 매도자와 매수자 모두 관망세를 심화하며 거래가 활발하지 않다. 매도자들은 추가 하락에 대한 저항 심리로 매물을 거두거나 호가를 유지하려 하고, 매수자들은 높은 금리와 가격 불확실성으로 매수를 주저하고 있다. 이로 인해 심리적 대치가 이어지며 거래 절벽 현상이 심화되고 시장의 불확실성이 커지고 있다.

Region: 서울
Keyword: 아파트 매물, 매도매수 심리, 관망세, 거래 절벽
Signal: FLAT",Unknown,Unknown,FLAT,2026-02-20 10:04
위기의 부동산신탁業…지난해 순손실 4700억 [시그널],https://www.sedaily.com/article/20010748?ref=naver,"국내 부동산신탁업계가 지난해 4,700억 원의 순손실을 기록하며 심각한 위기에 직면했습니다. 이처럼 큰 폭의 적자는 업계 전반의 재정 건전성 악화를 시사하며, 향후 전망에 대한 우려를 키우고 있습니다. 이는 고금리 및 부동산 경기 침체 장기화의 영향으로 풀이됩니다.

Region: 대한민국
Keyword: 부동산신탁업계 위기
Signal: BEAR",서울경제,Unknown,BEAR,2026-02-20 10:04
"두산건설, '두산위브&amp;수자인 부평 더퍼스트' 잔여 세대 분양 중",http://www.wowtv.co.kr/NewsCenter/News/Read?articleId=A202602200506&t=NN,"Region: 부평
Keyword: 잔여 세대 분양
Signal: FLAT

두산건설은 인천 부평 지역에서 '두산위브&수자인 부평 더퍼스트' 아파트 단지의 잔여 세대를 현재 분양 중이다. 이 기사는 특정 신규 분양 단지의 미분양 물량 소진을 위한 현재 진행형 영업 활동을 알리는 내용이다.",Unknown,Unknown,FLAT,2026-02-20 10:03
다주택자 대출 규제 어디로···&quot;모든 가능성 열려 있다&quot;,http://www.enewstoday.co.kr/news/articleView.html?idxno=2396535,"Region: 국내
Keyword: 다주택자 대출 규제
Signal: FLAT

다주택자 대출 규제의 향방이 불확실하며, 정부가 모든 정책적 가능성을 열어두고 고심 중임을 시사합니다. 이는 다주택자 관련 부동산 정책에 중대한 변화가 있을 수 있음을 예고합니다. 향후 정책 발표에 따라 시장에 미칠 영향이 주목되므로, 현재는 관망세가 예상됩니다.",이뉴스투데이,Unknown,FLAT,2026-02-20 10:03
얼어붙은 강남 집값...중저가 지역은 '키 맞추기',https://www.ytn.co.kr/_ln/0102_202602201759247567,"Region: 서울
Keyword: 가격 키 맞추기
Signal: FLAT

최근 강남 지역의 주택 가격은 정체된 모습을 보이고 있다. 반면, 중저가 주택 시장은 상대적으로 가격이 오르거나 보합세를 유지하며 '키 맞추기'가 진행 중이다. 이는 시장 전반의 가격 양극화가 완화되고 조정 국면에 진입하고 있음을 시사한다.",YTN,Unknown,FLAT,2026-02-20 10:03
두산건설 '두산위브&amp;수자인 부평 더퍼스트' 가격 경쟁력 눈길,https://magazine.hankyung.com/business/article/202602203711b,"Region: 부평
Keyword: 가격 경쟁력
Signal: BULL

두산건설의 '두산위브&수자인 부평 더퍼스트' 아파트가 부평 지역에서 주목받고 있습니다. 이 단지는 특히 가격 경쟁력을 내세워 수요자들의 관심을 끌고 있습니다. 이는 해당 단지의 긍정적인 시장 신호로 해석됩니다.",Unknown,Unknown,BULL,2026-02-20 10:02
[부동산 info] 분양가 상승 기조 지속… 두산건설 '두산위브&amp;수자인 부평...,http://www.thefirstmedia.net/news/articleView.html?idxno=193862,"분양가 상승 기조가 지속되는 가운데, 두산건설이 부평 지역에 '두산위브&수자인' 아파트 신규 분양을 추진한다.

Region: 부평
Keyword: 분양가 상승
Signal: BULL",더퍼스트미디어,Unknown,BULL,2026-02-20 10:02
거침없는 분양가 상승세… 두산건설 '두산위브&amp;수자인 부평 더퍼스트' ...,https://economist.co.kr/article/view/ecn202602200043,"Region: 부평
Keyword: 분양가 상승
Signal: BULL

기사는 부평 지역에서 두산건설의 '두산위브&수자인 부평 더퍼스트' 분양을 통해 거침없는 분양가 상승세가 이어지고 있음을 시사합니다. 이는 신규 아파트 공급 시장의 가격 상승 압력이 지속되고 있음을 보여줍니다. 전반적인 부동산 시장의 분양가 강세 흐름을 반영하며, 개발사 측의 높은 기대감과 수요가 뒷받침될 것으로 예상됩니다.",이코노미스트,Unknown,BULL,2026-02-20 10:02
부동산시장 분양가 상승세… 두산건설 '두산위브&amp;수자인 부평 더퍼스트...,https://www.g-enews.com/view.php?ud=202602201809231762edf69f862c_1,"부동산 시장에서 분양가 상승세가 관측되고 있다. 두산건설의 '두산위브&수자인 부평 더퍼스트' 등 신규 분양 단지에서도 이러한 추세가 나타난다. 이는 전반적인 주택 분양 비용 증가를 시사한다.

Region: 부평
Keyword: 분양가 상승
Signal: BULL",글로벌이코노믹,Unknown,BULL,2026-02-20 10:01
코스피 질주에 금산분리 완화 논의 재점화…그룹 증권사는 왜 설레나,https://www.insightkorea.co.kr/news/articleView.html?idxno=241500,"코스피 상승세에 따라 금융과 산업의 분리를 완화하는 금산분리 규제 개편 논의가 다시 활발해지고 있습니다. 이는 그룹 증권사들에게 사업 확장의 기회와 함께 기업 가치 제고에 대한 기대를 높이고 있습니다. 잠재적 규제 완화는 대기업 금융 계열사의 경영 전략에 긍정적인 변화를 가져올 수 있습니다.

Region: 대한민국
Keyword: 금산분리 완화
Signal: BULL",인사이트코리아,Unknown,BULL,2026-02-20 10:00
"직방, 'AI중개사 서비스' 전 주거유형으로 확장... &quot;부동산 검색 플랫폼...",https://www.aitimes.kr/news/articleView.html?idxno=38707,"Region: 전국
Keyword: 부동산 AI 서비스
Signal: BULL

직방은 'AI 중개사 서비스'를 모든 주거 유형으로 확장하며 부동산 검색 플랫폼으로서의 입지를 강화합니다. 이는 AI 기술을 활용한 부동산 거래 편의성 증대와 디지털 전환 가속화를 의미합니다. 해당 서비스 확장은 부동산 시장의 효율성 증진에 긍정적인 영향을 미칠 것으로 예상됩니다.",인공지능신문,Unknown,BULL,2026-02-20 10:00
"한신평 &quot;지난해 부동산신탁사 14곳 중 5곳 적자…우리자산신탁, 2206억 순...",https://www.g-enews.com/view.php?ud=20260220183140958bbed569d68_1,"한신평에 따르면 지난해 부동산신탁사 14곳 중 5곳이 적자를 기록, 업계 전반의 수익성 악화를 시사했습니다. 이는 고금리 및 부동산 경기 침체로 인한 영향으로 풀이되며, 우리자산신탁은 2,206억 원의 순이익을 달성하며 예외적으로 선전했습니다.

Region: 국내
Keyword: 부동산신탁사
Signal: BEAR",글로벌이코노믹,Unknown,BEAR,2026-02-20 10:00
"한샘, 주택거래 회복 기대…목표가 5만원 상향·Trading Buy 유지- 신한투...",http://www.biztribune.co.kr/news/articleView.html?idxno=349177,"한샘은 주택 거래량 회복에 대한 기대감을 표명했으며, 이는 국내 부동산 시장의 전반적인 개선 신호로 해석됩니다. 이와 같은 긍정적 전망에 따라 신한투자증권은 한샘의 목표가를 상향 조정하고 'Trading Buy' 투자의견을 유지했습니다. 이는 주택 거래 활성화가 가구 및 인테리어 수요 증가로 이어질 것이라는 시장의 기대를 반영합니다.

Region: 국내
Keyword: 주택거래 회복 기대
Signal: BULL",비즈트리뷴,Unknown,BULL,2026-02-20 07:48
대출규제·세제 강화에도 서울 아파트 완판…대책보다 강한 ‘수요’의...,http://www.lawissue.co.kr/view.php?ud=20260220163852980767191f6c6e_12,"**기사 분석**

**요약:**
정부의 대출 규제와 세제 강화라는 강력한 부동산 억제책에도 불구하고 서울 아파트 분양이 완판되는 사례가 나타나고 있습니다. 이는 정부 정책만으로는 부동산 시장의 수요를 억누르기 어렵다는 것을 보여주며, 여전히 강력한 매수 심리가 시장을 주도하고 있음을 시사합니다. 이러한 상황은 향후 부동산 시장의 방향성을 예측하는 데 중요한 단서가 될 수 있습니다.

**부동산 전문가 분석:**

이 기사는 서울 지역의 부동산 시장 동향을 다루고 있으며, 특히 정부의 강력한 규제 정책에도 불구하고 아파트 분양이 성공적으로 완판되고 있다는 점에 주목하고 있습니다. 이는 다음과 같은 측면에서 중요한 의미를 가집니다.

1.  **수요의 견고함:** 대출 규제와 세제 강화는 일반적으로 부동산 수요를 위축시키는 요인으로 작용합니다. 하지만 그럼에도 불구하고 서울 아파트가 완판된다는 것은 해당 지역의 수요가 매우 견고하며, 규제만으로는 이를 효과적으로 억제하기 어렵다는 것을 의미합니다. 이는 단순히 투기 수요를 넘어선 실수요나 투자 수요가 여전히 강력하게 존재하고 있음을 방증합니다.

2.  **정책의 한계 노출:** 정부의 정책이 시장의 본질적인 수요를 완전히 통제하지 못하고 있음을 보여줍니다. 특히 서울과 같이 공급이 제한적이고 선호도가 높은 지역에서는 정책 효과가 제한적일 수 있습니다. 향후 정책 수립 시 이러한 시장의 탄력성을 고려해야 할 필요성이 제기됩니다.

3.  **잠재적인 상승 압력:** 완판 사례는 해당 지역의 부동산 가치가 상승할 가능성을 시사합니다. 규제에도 불구하고 매수세가 지속된다는 것은 향후에도 가격 상승에 대한 기대감이 존재함을 나타내며, 이는 시장에 긍정적인 신호(BULL)로 해석될 수 있습니다. 다만, 이러한 상승이 지속될지는 거시 경제 상황, 추가적인 정책 변화, 공급 물량 등 다양한 요인에 따라 달라질 수 있습니다.

Region: 서울
Keyword: 아파트, 분양, 완판, 대출규제, 세제강화, 수요
Signal: BULL",로이슈,Unknown,BULL,2026-02-20 07:41
